img,title,price,url
https://cafe24img.poxo.com/mbaby/web/product/tiny/202510/6f3e93c51d36f9d33197c2f89dbdd951.gif,Grocer Cardigan (Greyish Brown),$118.00,/product/grocer-cardigan-greyish-brown/43195/category/173/display/1/
https://cafe24img.poxo.com/mbaby/web/product/tiny/202510/87a1ecfe5c5bddced209cd09106ab2cd.gif,Grocer Cardigan (Beige Sand),$118.00,/product/grocer-cardigan-beige-sand/43193/category/173/display/1/
https://cafe24img.poxo.com/mbaby/web/product/tiny/202510/91b27d7053c57342549dff280e673ad7.gif,Grocer Cardigan (Navy),$118.00,/product/grocer-cardigan-navy/43192/category/173/display/1/
https://cafe24img.poxo.com/mbaby/web/product/tiny/202510/98205e62ee97f593e31a4be381f945c8.gif,Coron Knit Skirt (2colors),$61.00,/product/coron-knit-skirt-2colors/43090/category/173/display/1/
https://cafe24img.poxo.com/mbaby/web/product/tiny/202609/3d69b34e1e9e5ced0a1d4f4b3f605fcc.gif,Hartson Jumper (Blue),$158.00,/product/hartson-jumper-blue/46194/category/173/display/1/
https://cafe24img.poxo.com/mbaby/web/product/tiny/202609/c1c087602295035506c256cb19f669ad.gif,Helfand Knit Vest (3colors),$69.00,/product/helfand-knit-vest-3colors/46193/category/173/display/1/
https://cafe24img.poxo.com/mbaby/web/product/tiny/202609/a6da27323c0211b2a84f8cb4978b8d5a.gif,Hartson Pants (3colors),$85.00,/product/hartson-pants-3colors/46192/category/173/display/1/
https://cafe24img.poxo.com/mbaby/web/product/tiny/202609/f243e8e58512621e263d4d3f8d20ac87.gif,Hartson Jumper (Washed Khaki),$158.00,/product/hartson-jumper-washed-khaki/46191/category/173/display/1/
https://cafe24img.poxo.com/mbaby/web/product/tiny/202609/d89cdf585bef667bd0a744ffc99d6386.gif,Uhuru Hood Zipup (4colors),$92.00,/product/uhuru-hood-zipup-4colors/46190/category/173/display/1/
https://cafe24img.poxo.com/mbaby/web/product/tiny/202609/8011a4b02b4d9d668263b55eb25c251c.gif,Ioffe Tee (3colors),$45.00,/product/ioffe-tee-3colors/46189/category/173/display/1/
https://cafe24img.poxo.com/mbaby/web/product/tiny/202609/5e2eee803ec2ff3ad0ffa96f9769a056.gif,Hartson Jumper (Washed Charcoal),$158.00,/product/hartson-jumper-washed-charcoal/46188/category/173/display/1/
https://cafe24img.poxo.com/mbaby/web/product/tiny/202609/cd9640850c15e42c7ff01ec1e58ed0b4.gif,Luvet Skirt (2colors),$47.00,/product/luvet-skirt-2colors/46187/category/173/display/1/
https://cafe24img.poxo.com/mbaby/web/product/tiny/202510/f6252c7cdee2e68a6c1e077156ce4e89.gif,[Dearest] Public Sweatshirt  (Oatmeal),$84.00,/product/dearest-public-sweatshirt-oatmeal/43101/category/173/display/1/
https://cafe24img.poxo.com/mbaby/web/product/tiny/202510/b2e57454c0dc0dd528bb4c8b850fcbf3.gif,[Dearest] Public Sweatshirt (Blue navy),$84.00,/product/dearest-public-sweatshirt-blue-navy/43099/category/173/display/1/
https://cafe24img.poxo.com/mbaby/web/product/tiny/202511/103feeb644e5e9559796d07c43173182.gif,Treats Pants (4colors),$58.00,/product/treats-pants-4colors/43100/category/173/display/1/
https://cafe24img.poxo.com/mbaby/web/product/tiny/202609/a18ba54992a9250051264d032e5c3547.gif,Mentis Jumper (3colors),$128.00,/product/mentis-jumper-3colors/46186/category/173/display/1/
https://cafe24img.poxo.com/mbaby/web/product/tiny/202609/f2562f55d45c72ec5c5e6263f397c1f5.gif,Wolfe Sweat Pants (2colors),$44.00,/product/wolfe-sweat-pants-2colors/46185/category/173/display/1/
https://cafe24img.poxo.com/mbaby/web/product/tiny/202609/185469525bd68ff6d64f9c3fe48197b3.gif,Coda Jumper (2colors),$71.00,/product/coda-jumper-2colors/46184/category/173/display/1/
https://cafe24img.poxo.com/mbaby/web/product/tiny/202609/62b7a7470680a0fc105d8db4a9f114ff.gif,Deneb Skirt (2colors),$71.00,/product/deneb-skirt-2colors/46183/category/173/display/1/
https://cafe24img.poxo.com/mbaby/web/product/tiny/202609/a0330dcc805d3f0c4f19d8f168f36b11.gif,Delorme Knit (3colors),$52.00,/product/delorme-knit-3colors/46182/category/173/display/1/
https://cafe24img.poxo.com/mbaby/web/product/tiny/202609/c045b101f4caac1d5077b9408a60b77b.gif,Montgo Knit Zipup (3colors),$92.00,/product/montgo-knit-zipup-3colors/46181/category/173/display/1/
https://cafe24img.poxo.com/mbaby/web/product/tiny/202609/923fa3bf2cd0e3631978c04451fd62d5.gif,Fobias Skirt (2colors),$77.00,/product/fobias-skirt-2colors/46180/category/173/display/1/
https://cafe24img.poxo.com/mbaby/web/product/tiny/202609/2367b9289000676c9d9fe00918d41284.gif,Ruin Cardigan,$59.00,/product/ruin-cardigan/46179/category/173/display/1/
https://cafe24img.poxo.com/mbaby/web/product/tiny/202609/ab31c1ec3e71e3102aef17fa16dc7cb3.gif,Dales Sleeveless,$41.00,/product/dales-sleeveless/46178/category/173/display/1/
https://cafe24img.poxo.com/mbaby/web/product/tiny/202609/fdda94182f20663e0a9e1a607cb6f47d.gif,Dales Skirt,$52.00,/product/dales-skirt/46177/category/173/display/1/
https://cafe24img.poxo.com/mbaby/web/product/tiny/202609/69b73ce3006eb9da8bb79c0dcd2246c6.gif,Vasseur Knit (2colors),$65.00,/product/vasseur-knit-2colors/46176/category/173/display/1/
https://cafe24img.poxo.com/mbaby/web/product/tiny/202609/872834c3ca4427d52e0867ef0b899f6c.gif,Austere Dress (3colors),$78.00,/product/austere-dress-3colors/46175/category/173/display/1/
https://cafe24img.poxo.com/mbaby/web/product/tiny/202609/413ac917dc53108ac1b165f26e4df81a.gif,Genevie Knit (3colors),$50.00,/product/genevie-knit-3colors/46167/category/173/display/1/
https://cafe24img.poxo.com/mbaby/web/product/tiny/202609/bc9fdb123612e7541d0b92f0eaec00d4.gif,Forsa Tee (4colors),$27.00,/product/forsa-tee-4colors/46166/category/173/display/1/
https://cafe24img.poxo.com/mbaby/web/product/tiny/202609/a88f04d444bb04ee9037b656ed29b012.gif,Holmber Hood Cardigan (3colors),$101.00,/product/holmber-hood-cardigan-3colors/46165/category/173/display/1/
https://cafe24img.poxo.com/mbaby/web/product/tiny/202609/36880bb090e2d74237d35bcfce658020.gif,Gustaf Cardigan (4colors),$62.00,/product/gustaf-cardigan-4colors/46164/category/173/display/1/
https://cafe24img.poxo.com/mbaby/web/product/tiny/202609/a39411fc08016169ac9a68bc059da9eb.gif,Rexford Pants (2colors),$77.00,/product/rexford-pants-2colors/46163/category/173/display/1/
https://cafe24img.poxo.com/mbaby/web/product/tiny/202609/8158a585629ae9efb1cbb0106e59ac01.gif,FRR Sweatshirt (3colors),$41.00,/product/frr-sweatshirt-3colors/46162/category/173/display/1/
https://cafe24img.poxo.com/mbaby/web/product/tiny/202609/7d49efc30619a01c10b96ebe8a3d72d1.gif,Biennial Jumper (Charcoal),$115.00,/product/biennial-jumper-charcoal/46137/category/173/display/1/
https://cafe24img.poxo.com/mbaby/web/product/tiny/202609/d22293d585aedebd96563095bbe11df0.gif,Cabbage Knit (4colors),$43.00,/product/cabbage-knit-4colors/46136/category/173/display/1/
https://cafe24img.poxo.com/mbaby/web/product/tiny/202609/dd6040f988fc5a0c7a9a422cf0443af4.gif,Shepard Denim Pants,$100.00,/product/shepard-denim-pants/46135/category/173/display/1/
https://cafe24img.poxo.com/mbaby/web/product/tiny/202609/651c71bb35b3ce2b46be81ea7a98a4e2.gif,Biennial Jumper (Khaki Brown),$115.00,/product/biennial-jumper-khaki-brown/46134/category/173/display/1/
https://cafe24img.poxo.com/mbaby/web/product/tiny/202609/e325e464d21217be17b875782d23650d.gif,Magne Tee (2colors),$43.00,/product/magne-tee-2colors/46133/category/173/display/1/
https://cafe24img.poxo.com/mbaby/web/product/tiny/202609/e8f3925ca3eb66324fe56cb645338532.gif,Mattia Skirt (2colors),$77.00,/product/mattia-skirt-2colors/46132/category/173/display/1/
https://cafe24img.poxo.com/mbaby/web/product/tiny/202609/3ea2a1d8cd6079bdf7293f6f34f12a11.gif,Cellina Cardigan (2colors),$52.00,/product/cellina-cardigan-2colors/46131/category/173/display/1/
https://cafe24img.poxo.com/mbaby/web/product/tiny/202409/a1c5821900b1139bca0cae91f357028a.webp,Hubert Jacket (Camel),$200.00,/product/hubert-jacket-camel/39912/category/173/display/1/
https://cafe24img.poxo.com/mbaby/web/product/tiny/202409/14ec43bb29aa6052bfc1c3d2765fcefa.webp,Hubert Jacket (Dark Brown),$200.00,/product/hubert-jacket-dark-brown/39907/category/173/display/1/
